{
  "camera_matrix": [
    [
      1157.780323121622,
      0.0,
      667.1070685994729
    ],
    [
      0.0,
      1152.82382597727,
      386.1318091183579
    ],
    [
      0.0,
      0.0,
      1.0
    ]
  ],
  "dist_coeff": [
    [
      -0.24690651858485366,
      -0.02360326544522786,
      -0.0010984222834132605,
      0.00035100092459253786,
      -0.0028259679581599416
    ]
  ]
}